"RegionID","State","SizeRank","X1996.04","X1996.05","X1996.06","X1996.07","X1996.08","X1996.09","X1996.10","X1996.11","X1996.12","X1997.01","X1997.02","X1997.03","X1997.04","X1997.05","X1997.06","X1997.07","X1997.08","X1997.09","X1997.10","X1997.11","X1997.12","X1998.01","X1998.02","X1998.03","X1998.04","X1998.05","X1998.06","X1998.07","X1998.08","X1998.09","X1998.10","X1998.11","X1998.12","X1999.01","X1999.02","X1999.03","X1999.04","X1999.05","X1999.06","X1999.07","X1999.08","X1999.09","X1999.10","X1999.11","X1999.12","X2000.01","X2000.02","X2000.03","X2000.04","X2000.05","X2000.06","X2000.07","X2000.08","X2000.09","X2000.10","X2000.11","X2000.12","X2001.01","X2001.02","X2001.03","X2001.04","X2001.05","X2001.06","X2001.07","X2001.08","X2001.09","X2001.10","X2001.11","X2001.12","X2002.01","X2002.02","X2002.03","X2002.04","X2002.05","X2002.06","X2002.07","X2002.08","X2002.09","X2002.10","X2002.11","X2002.12","X2003.01","X2003.02","X2003.03","X2003.04","X2003.05","X2003.06","X2003.07","X2003.08","X2003.09","X2003.10","X2003.11","X2003.12","X2004.01","X2004.02","X2004.03","X2004.04","X2004.05","X2004.06","X2004.07","X2004.08","X2004.09","X2004.10","X2004.11","X2004.12","X2005.01","X2005.02","X2005.03","X2005.04","X2005.05","X2005.06","X2005.07","X2005.08","X2005.09","X2005.10","X2005.11","X2005.12","X2006.01","X2006.02","X2006.03","X2006.04","X2006.05","X2006.06","X2006.07","X2006.08","X2006.09","X2006.10","X2006.11","X2006.12","X2007.01","X2007.02","X2007.03","X2007.04","X2007.05","X2007.06","X2007.07","X2007.08","X2007.09","X2007.10","X2007.11","X2007.12","X2008.01","X2008.02","X2008.03","X2008.04","X2008.05","X2008.06","X2008.07","X2008.08","X2008.09","X2008.10","X2008.11","X2008.12","X2009.01","X2009.02","X2009.03","X2009.04","X2009.05","X2009.06","X2009.07","X2009.08","X2009.09","X2009.10","X2009.11","X2009.12","X2010.01","X2010.02","X2010.03","X2010.04","X2010.05","X2010.06","X2010.07","X2010.08","X2010.09","X2010.10","X2010.11","X2010.12","X2011.01","X2011.02","X2011.03","X2011.04","X2011.05","X2011.06","X2011.07","X2011.08","X2011.09","X2011.10","X2011.11","X2011.12","X2012.01","X2012.02","X2012.03","X2012.04","X2012.05","X2012.06","X2012.07","X2012.08","X2012.09","X2012.10","X2012.11","X2012.12","X2013.01","X2013.02","X2013.03","X2013.04","X2013.05","X2013.06","X2013.07","X2013.08","X2013.09","X2013.10","X2013.11","X2013.12","X2014.01","X2014.02","X2014.03","X2014.04","X2014.05","X2014.06","X2014.07","X2014.08","X2014.09","X2014.10","X2014.11","X2014.12","X2015.01","X2015.02","X2015.03","X2015.04","X2015.05","X2015.06","X2015.07","X2015.08","X2015.09","X2015.10","X2015.11","X2015.12","X2016.01","X2016.02","X2016.03","X2016.04","location"
9,"California",1,158700,158600,158300,158100,157800,157600,157500,157800,158000,158500,159200,159900,160000,160200,160500,161000,161300,161900,162700,163900,165300,166800,168700,168800,168800,170400,172800,174100,175400,176500,177900,179200,180400,181400,182500,184200,185800,187200,188500,190200,192100,194000,196000,198000,200500,203200,206000,209000,211800,214400,217000,219400,221800,224100,226600,229100,231600,234400,237400,240100,242600,244800,246700,248900,251200,253500,255400,257500,260000,262900,265600,268700,271800,275500,279300,283400,287800,292500,296900,301500,305900,310400,314600,319000,323400,327300,330900,335100,339800,345100,351100,357300,363800,370600,377800,385600,394400,403800,413600,423300,432200,439800,446500,452800,458700,464300,470000,476000,482200,488400,494700,501500,508100,514200,519600,524600,528200,530100,531600,533200,534000,533900,533500,532300,530100,527500,525000,522200,519100,516400,514500,512300,509500,506100,501800,496800,491700,486400,481000,475100,467900,459700,450100,439700,429300,419700,410300,401100,392300,383900,375900,368300,362500,359500,356800,353000,349000,345600,342700,340400,338900,338200,337800,337800,338000,337900,337900,337900,337900,337600,336800,335300,333600,331900,330100,328500,326800,324500,322100,319800,317200,314400,312100,310300,308800,307600,306900,306600,306600,306600,306900,308000,309300,310900,312800,315500,318300,321000,323800,327000,330700,334800,339700,345800,352500,359400,366800,374500,381400,387500,393200,398300,402500,405800,408000,410700,414700,418400,420500,421700,422900,424000,425400,426900,428200,429500,431900,434500,436600,438300,440200,442600,445200,447600,449900,452400,455400,458000,460200,462200,463600,"California"
54,"Texas",2,,,,,,,,,,,81200,81600,82000,82400,82900,83400,84000,84600,84800,84500,84400,84600,85000,85400,85700,86100,86400,86800,87000,87200,87600,87700,87700,88300,88900,89500,90200,91100,91800,92400,93000,93500,93800,94100,94200,94400,94400,94500,94900,95300,95500,95700,96000,96500,97000,97200,97300,97400,97700,97800,98100,98300,98500,98800,99200,99500,99900,100200,100300,100700,101100,101500,101600,101900,102300,102800,103200,103800,104400,104900,105100,105300,105600,106100,106400,106500,106800,107300,107900,107900,107700,107700,108400,109400,110800,112100,113400,114500,115500,116200,116900,117700,118200,118500,119000,119600,120200,120600,121000,121500,121900,122000,122200,122700,123300,123800,123900,124200,125000,125800,126300,126800,127400,128000,128200,128400,129100,129800,130400,130900,131200,131300,131700,132100,132600,132900,133300,133500,133800,134200,134100,133000,131600,130400,129300,128100,127100,126600,126700,127200,127700,128300,129000,129700,130500,131200,131800,132200,132600,133000,133200,133200,133000,132800,132600,132500,132600,132900,132900,132900,132900,132700,132200,131700,131100,130700,130300,130300,129000,127400,127400,128500,128900,129200,129800,130000,129800,129200,129200,129300,130000,130700,131000,130800,131100,131500,131400,131200,131300,131600,131900,132000,132600,133600,134600,135700,136400,136700,136900,137800,138500,138800,138900,139100,139700,139700,138400,137000,136600,136600,136800,137300,138200,139300,140300,141200,142400,143700,145100,146500,147600,148700,149700,150300,150700,151300,151900,152600,153500,154600,155400,"Texas"
43,"New York",3,,,,,,,,,,,,,,,,,,,,,,,,,,,,,,,,,,,,,,,,,,,,,,,,,,,,,,,,,,,,,,,,,,,,,,,,,,,,,,,,,,,,,,,,,,,,,,,,,,,,,,,,,,,,,,,,,,,,,,,,,,,,,,,,,,,,,,,,,332400,331700,331200,330600,328900,326800,325300,324100,322500,320200,317600,315500,313500,311700,309800,309200,300200,286100,278500,278500,276800,275400,274200,272900,271900,271000,270400,270100,269700,269000,268500,267700,267000,266300,265500,264500,263500,262400,261100,260000,259400,258700,257800,256700,255300,254000,253100,252100,251100,250100,249300,248400,247600,246900,246300,245300,244700,244400,244200,244000,244200,244500,244700,244700,244900,245000,244700,244500,244900,245700,246500,247500,248400,249400,250500,251500,252500,254100,255100,256400,258000,258900,259100,259700,259900,259900,260200,260800,261800,262800,263800,264400,264300,263800,263600,263500,263500,263200,262400,261700,261500,261400,261600,262100,262600,"New York"
14,"Florida",4,87000,87300,87500,87400,87400,87400,87300,87500,87600,87900,88300,88800,88800,88800,89100,89400,89500,89800,90100,90400,90700,91300,92000,92400,92600,92800,93100,93200,93500,93600,93800,94200,94800,95400,96000,96600,97000,97200,97600,98000,98600,99300,99900,100400,101000,101900,102700,103200,103900,104700,105400,106000,106800,107500,108400,109200,110000,110900,111700,112300,113200,114300,115200,116200,117100,118000,118900,120000,121000,122000,123000,124300,125500,126500,127500,128700,129600,130600,131900,133200,134400,135800,137200,138400,139700,141000,142200,143700,145100,146500,148000,149800,151500,153200,155100,157200,159400,161900,164600,167500,170800,174300,177600,180900,184400,188000,191900,196400,201400,206900,212700,218400,224200,229700,234900,239700,243800,247000,250000,252800,255000,256400,256800,256900,256700,255800,254400,253000,251200,249200,247100,244900,242400,239800,237100,234300,231200,228100,225000,222000,218600,214800,210700,206400,202000,197800,193900,189900,185900,182200,178200,173900,170700,169100,167500,164900,162100,159300,157000,154900,153000,151500,150500,149600,148500,147400,146200,144900,143800,143100,142100,140900,139700,138400,137100,136100,134800,133300,132300,131600,130600,129500,128600,127700,127000,126500,126200,126100,126100,126200,126500,127100,127900,128600,129300,130100,131100,132100,133000,133800,134700,135700,136800,138100,139400,140700,142200,144000,145700,147400,149400,151600,153400,154800,155700,157200,159300,161100,162200,163500,164600,165400,165900,166600,167500,168300,169400,170500,171600,172900,174300,175700,177300,178600,179700,181100,182500,183900,185100,186300,187200,"Florida"
21,"Illinois",5,113900,114300,114300,113600,112800,112400,112500,112600,113300,114300,114900,114800,114700,114700,114900,115300,115600,115900,116300,116700,117000,117300,117600,117800,117900,118200,118600,118900,119300,119800,120400,120800,121100,121400,122100,122800,123200,123800,124400,125100,125600,126200,127100,128000,128600,129200,130000,130800,131500,132100,132900,133600,134000,134500,135300,136100,137100,138100,138900,139600,140400,141300,142100,143200,144300,145400,146500,147400,148200,148900,149700,150500,151500,152100,152800,153600,154000,154600,155700,156700,157500,158100,159100,160600,161900,163200,164700,165900,166700,167200,167800,168500,169300,170300,171300,172100,173000,173700,174100,175600,177900,179400,179300,179700,180900,182200,183500,184600,185800,187000,188100,189000,189700,190500,192000,193500,194300,195300,196200,196700,197400,198100,198700,198900,200200,201500,201700,201300,201600,201800,202000,202200,202100,202100,202100,201600,200700,200100,199900,199700,199100,198600,197800,196600,195700,194700,193600,192600,191600,190600,189600,188300,186900,185300,183700,182300,181100,179700,178400,177200,175900,174800,174300,173900,173200,172400,171700,170600,169500,168500,167500,166300,164900,163400,161800,160300,159000,157900,156800,155800,154600,153100,151400,150000,148700,147400,146100,145200,144300,143400,142600,142000,141700,141500,141500,141400,141200,140900,140600,140600,140700,140800,141100,141500,141800,142500,143700,145400,146700,147700,149000,150400,151500,152400,153200,153900,154500,154900,154700,154600,154900,155400,155700,155500,155000,154600,154600,154700,154700,155000,155600,156200,156600,156900,157200,157700,158400,159000,159200,159700,160300,"Illinois"
47,"Pennsylvania",6,84200,84500,84700,84500,84600,84900,84800,84500,84600,84800,84900,85100,85200,85000,85000,85200,85200,85300,85400,85700,85900,86200,86500,86900,87300,87400,87500,87700,87900,87800,88200,88700,89100,89400,89800,90200,90400,90300,90400,90600,90700,90800,91000,91300,91500,91700,92200,92600,92900,93200,93600,94100,94300,94500,94800,95200,95500,95700,96100,96500,97300,98100,98400,98700,99300,99900,100300,100800,101400,102100,102700,103200,103600,104100,104700,105500,106100,106900,107500,108300,109100,109900,110800,111600,112300,113100,114000,114800,115700,116800,117900,118800,119800,120800,121600,122200,123000,123700,124700,125700,126700,127500,128600,129500,130300,131300,132500,133700,134800,136100,137300,138500,139800,141000,142000,143100,144300,145100,145600,146200,147100,147900,148500,149300,150100,150600,151100,151700,152000,151900,152100,152600,153200,153700,154000,154200,154500,154700,154700,154500,154200,153900,153600,153400,153200,153000,153000,153000,152900,152800,152600,152200,152600,153700,154600,154900,155100,155000,154500,154200,154100,154000,153900,154200,154200,153900,153500,153300,153200,153000,152700,152000,151500,151100,150600,149900,149200,148700,148100,147600,147100,146700,146300,146000,145600,145200,145000,144900,144500,144000,143900,143900,143800,143800,143900,143800,143500,143300,143200,143200,143100,142900,143100,143400,143500,143700,144400,145000,145500,146000,146700,147500,148600,149700,150400,150500,150500,150400,150400,150400,150500,150600,150600,150300,150100,149800,149800,149800,150000,150300,150400,150700,151300,151700,151900,152200,152600,152800,152900,153200,153600,"Pennsylvania"
44,"Ohio",7,88600,88800,88900,89100,89200,89400,89600,89700,89800,90200,90500,90800,91100,91300,91600,92000,92200,92500,93100,93400,93700,94100,94400,94800,95100,95300,95500,95700,96100,96500,96800,97000,97400,97900,98500,99000,99400,99900,100300,100700,101200,101500,101700,102200,102600,102900,103300,103800,104300,105000,105500,105900,106400,106700,106900,107200,107600,108000,108400,108600,108700,109100,109600,109900,110100,110400,110700,110900,111300,111700,112100,112300,112600,112800,113000,113400,113700,113900,114400,114800,115000,115400,115700,116000,116400,116900,117300,117800,118200,118600,119100,119700,120100,120200,120400,120800,121100,121300,121500,121700,122000,122400,122700,123000,123300,123700,124100,124300,124500,124800,125100,125200,125200,125300,125400,125700,125900,126000,126000,126100,126200,126200,126000,125800,125600,125600,125500,125200,125000,124900,124800,124700,124700,124400,124100,123800,123500,123000,122400,122000,121600,121100,120300,119600,119000,118500,118000,117500,117100,116700,116300,115700,115300,115200,115300,115100,114800,114600,114400,114300,114000,114000,114100,114100,114000,113900,113700,113500,113300,113000,112700,112700,112400,112000,111400,110900,110400,109700,109000,108400,108000,107700,107300,106900,106500,106200,106100,106000,105800,105600,105400,105400,105600,105800,106100,106200,106200,106200,106400,106400,106300,106300,106500,106700,106900,107100,107700,108500,109000,109400,109900,110600,111200,111900,112800,113300,113600,113800,113900,114000,114400,114800,115000,115200,115500,115700,115900,116400,116900,117200,117300,117400,117600,117900,118200,118700,119300,119600,119800,120000,120000,"Ohio"
30,"Michigan",8,89600,88800,88800,89600,89100,88300,88000,88400,88500,88400,88400,88700,89300,90200,90800,91200,91500,91900,92400,93000,94000,94900,95100,94900,95400,96200,96700,97100,97700,98600,99400,99900,100400,101400,102600,103700,104900,105900,106900,107800,108900,109600,110300,110900,111600,112400,113400,114200,114900,115500,116200,116700,117100,117500,118000,118500,119400,120200,121100,121600,122100,122800,123400,124100,124800,125400,125700,126000,126200,126400,126600,126900,127200,127400,127700,128100,128800,129600,130600,131300,131600,131900,132300,132800,133200,133600,133900,134100,134500,134900,135200,135500,135800,136200,136600,136800,136900,137200,137600,138000,138300,138700,139000,139300,139600,139900,140100,140500,141000,141300,141400,141500,141700,141700,141800,141900,142000,141700,141300,141100,140700,140300,140000,139700,139200,138600,138100,138000,137600,136800,136100,135600,134900,134200,133300,132500,131800,131000,130100,129100,127900,126500,124700,123100,121500,120000,118400,117000,115500,114000,112500,110600,109500,109600,109700,109000,108100,107300,106700,105800,104800,104200,103900,103400,102800,102300,102000,101800,101700,101700,101500,101100,100800,100300,99800,99300,98600,97600,96900,96500,96000,95400,94800,94300,94000,93700,93500,93600,93900,94000,93900,94100,94900,96000,97100,97900,98700,99600,100400,101100,101800,102900,104200,105400,106500,107700,109000,110200,111400,112500,113500,114600,115800,116500,117300,117500,116700,115500,115300,115500,115800,116200,116500,117000,117300,117200,117200,117500,118200,118800,119100,119800,120300,120600,120800,121200,121600,122200,122500,122700,123000,"Michigan"
16,"Georgia",9,92900,93300,93500,93600,93600,93800,94200,94600,94800,95000,95300,95600,95800,96100,96600,97300,97900,98300,98800,99300,99700,100300,101000,101700,102100,102500,103100,103900,104500,105200,106000,106500,107000,107900,108500,108900,109500,110200,111000,111900,112400,113000,113700,114300,115000,116000,117100,117900,118500,119000,119700,120300,121100,121800,122600,123100,123600,124000,124700,125400,126100,126800,127400,127700,127800,128200,128600,129000,129600,130100,130500,131000,131400,131900,132200,132500,133100,133500,133600,134100,134500,134500,134800,135300,135700,136200,136400,136700,137100,137500,137700,138200,139000,139500,139800,140200,140500,140700,140900,141400,141800,142400,143100,143500,143900,144700,145400,145800,146400,147000,147600,148200,149000,149600,150300,151100,151600,151900,152500,152900,153300,153800,154500,155000,155400,155700,156100,156300,156200,155700,155500,155300,155500,155800,155900,155800,155700,155400,154900,154600,154200,153600,152800,152000,151100,150000,149000,148100,146900,145600,144300,142600,141600,141700,141900,141400,140700,139800,139100,138500,137800,137200,136700,136400,135900,135100,134400,133600,133000,132500,131700,130900,129800,128600,127600,126900,126000,124700,123700,122800,121700,120400,119300,118200,117300,116600,115900,115500,115200,114700,114200,113900,113800,113700,113500,113500,113600,113800,113900,113900,114100,114800,115300,115600,116200,117100,118300,119600,120900,122200,123600,124900,125900,126800,127600,128600,129800,131100,132100,133000,133800,134700,135500,136000,136200,136400,136800,137600,138100,138500,138900,139600,140300,140900,141600,142600,143400,144100,144800,145400,145900,"Georgia"
36,"North Carolina",10,92400,92700,92900,93200,93600,93900,94100,94400,94700,95100,95700,96100,96500,97200,97800,98200,98700,99400,100000,100400,100900,101500,102200,103000,103500,104000,104700,105500,106000,106400,107000,107700,108300,108600,108900,109400,110000,110400,111100,111600,111900,112300,112500,112600,113000,113600,114100,114500,114900,115300,115700,115800,116000,116500,117200,117500,117800,118300,118900,119000,119000,119200,119300,119300,119500,119700,119900,120100,120200,120400,120700,121000,121300,121400,121600,122000,122400,122500,122500,123000,123600,123800,123800,124000,124500,125000,125100,125200,125400,125800,126000,126400,126700,127100,127500,127900,128200,128400,128900,129500,130000,130500,131100,131600,132000,132500,133100,133700,134200,134700,135300,136100,136900,137400,138100,139000,139900,140500,140900,141300,142000,142700,143300,143800,144300,144900,145400,146000,146500,147000,147400,147800,148400,148800,149100,149400,150000,150400,150600,150400,150300,150100,150000,149900,150000,150000,150100,150000,149700,149500,149000,148500,148300,148700,148900,148800,148600,148400,148200,147800,147400,147000,146800,146600,146400,146000,145700,145500,145100,144600,144200,143700,143100,142500,142100,141600,141000,140300,139800,139300,138800,138400,138100,137900,137500,137200,137100,137000,136900,137000,137200,137200,137100,137100,137100,137200,137500,137700,137800,137900,138000,138100,138400,138400,138300,138600,139100,139600,140000,140400,141000,141800,142400,142900,143100,143200,143600,143800,144000,144000,144100,144100,144200,144300,144300,144100,144300,144900,145400,145800,146100,146600,147100,147700,148000,148400,148800,149200,149400,150200,151100,"North Carolina"
40,"New Jersey",11,142700,142400,142200,142000,141700,141500,141300,141200,141000,141200,141600,142000,142100,142100,142300,142400,142200,142300,142700,143100,143500,144400,145500,146400,147100,147500,147600,147700,147900,148200,148700,149300,150000,151000,152200,153300,154200,155000,155800,157100,158400,159600,160500,161500,162800,164200,165400,166600,167900,169300,170700,172200,173600,175100,176500,178100,179800,181500,183000,184400,186100,188100,190000,191500,193500,195900,198300,200200,202400,204500,206800,209500,212400,215300,218300,221700,225300,228600,231900,235200,238500,241700,244900,248000,250700,253500,256600,259800,262900,265700,268500,271500,274500,277400,280100,283000,286100,289600,293300,297100,301100,305000,309000,312900,316800,320500,324100,328000,332000,336100,340100,344100,347600,350700,354100,357700,360500,362600,364500,366500,368400,369900,370700,370800,370500,369900,369100,367900,366500,365400,364500,363800,363200,362300,361000,359400,357600,355600,353800,352300,350700,348900,347100,345000,342400,339600,336700,333900,331300,328700,326100,322900,320400,319300,318300,316300,314000,311700,309600,307800,306600,305900,305400,304800,304100,303300,302500,301700,300700,299900,299200,298100,296600,294900,293100,291600,290300,288700,286700,284600,282700,280700,278800,277000,275400,273700,271900,270200,268500,267000,265700,264600,263700,263100,262900,262800,263000,263300,263200,263000,263100,263200,263400,263900,264300,264700,265400,266500,267500,268500,270300,272300,273900,275400,276500,278100,280300,282700,284500,285800,286400,286800,287000,286900,286400,285500,285100,285300,285000,284200,283700,283700,284200,284900,285700,286500,287300,288000,288700,289100,289200,"New Jersey"
56,"Virginia",12,113500,114100,114500,114700,114700,114600,114600,114800,114800,114900,115300,115500,115400,115200,115200,115100,115200,115400,115800,116200,116400,116800,117400,117800,118000,118200,118300,118300,118400,118900,119300,119700,120100,120700,121300,121800,122200,122700,123300,123800,124200,124500,125000,125500,126100,126800,127700,128500,129000,129500,130100,130700,131400,132200,132700,133300,134100,135200,136100,137100,138300,139300,140200,141300,142400,143200,143900,144800,146000,147000,148000,149100,150300,151500,152600,153900,155200,156500,157700,159000,160500,161900,163400,164900,166200,167500,169000,170700,172500,174300,176200,178300,180400,182800,185200,187500,190100,193000,196400,199800,203400,207500,211800,215700,219400,223100,227000,230900,234800,238600,242400,246200,249900,253100,256000,258900,260900,261900,262800,264000,265200,266000,266600,267000,267100,266900,266500,266300,266000,266000,266200,266200,266000,265700,265100,263900,262500,261200,259900,258400,256900,255100,253100,250800,248600,246300,243900,241600,239500,237400,235400,233300,231800,230900,230100,229000,227900,227000,226100,225200,224500,223800,223100,222700,222500,221900,221200,220600,220100,219800,219300,218500,217800,217200,216600,215800,215000,214200,213300,212600,211900,210900,210100,209600,209200,208900,208700,208600,208500,208500,208600,208500,208400,208500,208800,209100,209400,209500,209400,209600,209600,209700,210000,210800,211800,212900,214400,216100,217800,219400,221000,222500,224100,226000,227500,228100,228600,228900,229100,229300,229300,229400,229700,229800,229400,229100,229600,230300,230700,230900,231000,230900,231000,231300,231600,232000,232500,232800,233000,233400,233800,"Virginia"
59,"Washington",13,135200,135700,135900,135900,136000,136200,136700,137000,137500,138200,138900,139600,140100,140800,141600,142400,143200,143900,144500,145300,146200,147100,148000,148500,149000,149600,150300,151200,152300,153000,153200,153700,154600,155600,156500,157000,157400,158000,158700,159200,159600,160400,161400,162400,163300,164100,164900,166000,167000,167600,168100,168700,169500,170100,170400,170700,171100,171700,172500,173300,174100,174700,175200,175800,176300,176800,177600,178400,179000,179600,180600,181400,181800,182200,182800,183300,183800,184600,185500,186500,187700,188900,189700,190600,191600,192500,193400,194200,195200,196400,197600,198800,200200,201600,203000,204800,206600,208700,211100,213600,215900,218200,220600,223000,225500,228100,231000,234000,237600,241300,245000,248900,252900,256900,260900,264700,268300,271400,274300,277100,280200,283200,286100,288900,291300,293300,295200,297200,298600,299800,301200,302200,302600,302800,303000,302900,302500,301800,300500,298900,297200,295300,293400,291500,289700,287800,285400,283200,281500,279700,277200,274200,272000,270800,269500,267600,265300,263100,261100,259400,257800,256500,255700,255200,254600,253600,252500,251300,250200,248900,247100,245100,242900,240800,238900,237200,235700,234000,232100,230100,228000,226000,224100,222500,221100,220200,219500,218900,218200,217800,217800,218200,218900,219800,220700,221400,222100,222700,223700,224900,226000,227000,228100,229300,230900,233000,235900,238900,241700,244000,245700,247100,248700,250400,251700,253000,254600,255900,256700,257400,258200,258800,259600,260700,261800,263000,264800,267200,269300,272100,274700,276600,278400,280700,282800,285100,287400,289300,291300,293900,296500,"Washington"
26,"Massachusetts",14,140500,140800,141000,141100,141300,141500,141700,142000,142600,143400,144300,145000,145400,145900,146500,147200,147700,148200,148900,149900,151100,152500,153900,155100,156200,157200,158300,159400,160800,161900,163000,163900,165000,166200,167800,169400,171100,172900,174700,176500,178300,180200,182200,184400,186400,188600,190900,193200,195600,198600,201800,204800,207600,210500,213400,216400,219200,222100,225100,228100,231000,233900,236700,239600,242700,245800,248600,251400,253800,256000,258500,261200,263800,266300,269100,272300,275600,279000,282100,285300,288900,292400,295200,297700,300100,302000,304000,306200,308300,310200,312300,314500,316500,318600,321100,323700,326600,329700,332400,335000,337600,340100,342500,344800,347000,349200,351600,353900,355800,357200,358000,358500,358800,359000,359000,358800,358100,357100,356100,355200,354100,352800,351000,348900,346500,344300,342300,340700,339200,338000,337500,337200,336500,335200,333700,332200,330600,329100,327700,326300,324700,323000,320600,317500,314600,312300,310300,308700,307300,305800,304200,302400,300800,299600,298500,297200,296400,296200,296700,297300,297600,298300,298900,299400,299600,299800,299800,299600,299000,298400,297800,297100,296500,295700,294800,294100,293400,292400,291600,290900,290000,289000,288200,287500,286900,286400,285800,285300,285400,285500,285400,285600,286300,286900,287700,288600,289000,289200,289800,290700,291600,292400,293500,295200,297400,299700,302300,305400,308600,311100,313000,315200,317700,319700,320500,321100,322400,323600,324200,324000,323500,323000,323000,323100,323000,323400,325800,328600,330300,331200,331600,332200,333800,336100,337800,339200,340400,341900,343600,344600,344700,"Massachusetts"
22,"Indiana",15,72100,74200,75200,75400,75200,75200,75400,75600,75700,76300,77500,78500,78500,78400,78700,79300,80000,80800,81500,82300,83000,83400,83500,83600,83600,83700,83900,84200,84500,84800,85100,85500,85600,85300,85500,85900,86100,86400,86800,87300,87400,87400,87600,88000,88000,87900,88400,88900,89100,89400,89800,90000,90300,90600,90800,90900,92600,95700,97700,98500,99400,100000,100500,100900,101500,101900,102000,102100,102200,102200,102200,102300,102200,101900,101800,101900,102000,102000,101800,101700,101400,101400,101500,101500,101600,102000,102200,102400,103000,103800,104900,105800,106600,107200,107800,108500,109100,109700,110600,111600,112800,113900,114700,115200,115500,116000,116600,116900,117400,118000,118800,119500,119700,119600,119400,119500,119400,118900,118100,117800,117600,117300,117200,116900,116600,116700,117200,117800,117800,117100,116700,117000,117400,117400,117200,117100,117200,117000,116700,116700,116800,117300,117600,117800,118000,118100,118100,117900,117300,116700,116000,115400,114800,114300,113900,113400,112700,112100,111500,111000,110800,110900,110900,110800,110600,110300,110100,110000,109900,109700,109300,109000,108800,108900,108800,108600,108500,108400,108000,107400,107100,106900,106700,106300,105900,105500,105300,105100,105100,105200,105000,104800,104900,105100,105500,106000,106400,106800,107000,107000,107200,107900,109000,110200,111600,112900,114100,114900,115500,115600,115200,115000,115100,115600,116300,116000,114100,112200,111400,111000,110800,110800,111100,111500,111600,111600,111700,111900,112500,113300,113800,114300,114800,114900,114900,115200,115500,115500,115400,115700,116000,"Indiana"
8,"Arizona",16,103300,103600,103800,104100,104400,104700,104900,105100,105400,106000,106600,106900,107000,107200,107500,107800,108100,108600,109000,109200,109600,110300,111000,111400,111600,112100,112900,113700,114100,114300,114700,115300,115900,116400,116800,117400,118200,118800,119100,119300,119700,120200,120700,121400,122400,123200,124200,125100,125800,126500,126900,127400,128100,128800,129300,129700,130100,130800,131400,132000,132400,132600,132800,133100,133300,133500,134000,134800,135500,136100,136700,137400,138200,139000,139600,140200,140900,141500,142300,143100,143800,144700,145800,146600,147300,148100,149000,149800,150600,151300,152100,153100,154400,155500,156600,158000,159400,160700,162600,164800,167700,171300,175300,179400,183700,188200,193000,198600,205500,213300,221600,230000,237600,244100,249700,254600,258100,260500,262500,263800,264300,264400,264100,263400,262300,261000,259400,257800,256000,254000,252000,250300,248700,247000,245000,243000,241400,240000,238200,236100,233300,229800,225800,221800,218000,214500,211000,207400,203800,200300,196600,192600,190000,189000,187700,185000,182200,179300,176400,173800,171700,169700,167900,166200,164800,163600,162300,160800,159100,157400,155400,153100,150600,148000,145900,144100,142600,141600,141600,141900,141500,140500,139600,138700,137900,137700,138200,139200,140300,141400,142700,144200,145800,147700,149700,152000,154400,157100,159600,161300,162300,163400,164600,166400,168800,171600,174600,177400,180100,181300,181900,182800,184000,184100,183900,184100,185000,185600,185900,186200,186600,187100,187800,188800,189700,190200,190800,191500,191900,192600,193700,194800,196200,198300,200300,202300,203900,204900,205500,206300,207000,"Arizona"
53,"Tennessee",17,71900,72300,72600,72900,73100,73400,73400,73600,73800,74100,74500,74800,75000,75200,75500,75800,76100,76400,76800,77400,77900,78600,79100,79500,79900,80400,80900,81300,81700,82200,82800,83100,83200,83500,84000,84300,84400,84600,84800,85000,85100,85400,85600,85700,85900,86300,86600,87100,87300,87600,87800,88100,88200,88400,88500,88700,89000,89300,89500,89800,90100,90300,90400,90600,90700,90700,91000,91200,91400,91600,91900,92100,92400,92600,92700,93000,93300,93500,93600,94000,94500,94600,94900,95300,95700,96000,96300,96600,97100,97500,97900,98100,98500,98900,99200,99500,99700,100100,100600,101000,101500,102000,102600,103100,103400,103800,104300,104800,105500,106400,107100,107900,108700,109400,110200,111100,111900,112600,113000,113600,114200,114800,115400,115900,116500,117200,117900,118400,118800,119200,119500,119900,120200,120500,120600,120800,121100,121100,121200,121200,120900,120700,120500,120100,119900,120000,119900,119800,119600,119200,118700,118200,118400,119500,120500,120800,120800,120800,120700,120700,120700,120600,120500,120500,120200,119900,119700,119500,119300,119100,118900,118500,118100,117800,117500,117200,117000,116600,116100,115900,115500,115100,114900,114500,114200,114200,114200,114000,114000,114000,113800,113700,113700,113800,113800,113800,113800,113800,114000,114500,114700,114600,114500,114700,114900,115100,115500,116100,116700,117300,117900,118500,119000,119400,119800,120400,121500,122500,123200,123700,124200,124400,124800,125100,125200,125300,125600,126000,126300,126700,127200,127600,128200,128800,129500,130000,130500,131100,131500,131900,132100,"Tennessee"
32,"Missouri",18,80700,81400,82000,82600,83300,83700,83700,83600,84200,85500,86700,87600,88000,88200,88900,89500,90000,90400,91000,91300,91700,92100,92600,93200,93600,94100,94300,94400,94600,94700,94800,95400,96100,96700,97500,98200,98600,99100,100000,101200,102200,102700,102800,103000,103800,104900,105800,106700,107500,108000,108600,109700,110700,111200,111800,112800,113600,114100,114800,115600,116200,117000,117900,118300,118300,118800,119600,120400,121000,121600,122200,122700,123400,124200,124700,124700,125100,126300,127800,128300,127800,127900,128900,130000,130800,131600,132100,132800,133800,134700,135600,136800,137700,137500,136500,135900,135700,136000,136500,137100,137700,138400,138800,139400,140300,141500,142500,143500,144200,144200,144300,144800,145300,145600,145600,146000,146800,147800,148400,148600,148900,149400,150000,150400,151000,151300,151700,151900,151800,151400,151300,151900,152600,153200,152900,152400,151900,151200,150100,149100,148500,148200,148100,148000,147900,147700,147500,147100,146600,146200,146100,145800,145600,145300,145100,144700,144100,143200,142600,142200,141900,141700,141600,141600,141400,140900,140100,139200,138600,138500,138000,137300,136500,135600,134300,132900,131700,130700,129600,128500,128200,128300,128300,127800,127200,126700,126400,126600,126900,126800,126600,126700,126500,126600,127300,128400,129200,129700,130400,131300,132100,132600,133200,133600,133500,132900,132500,132300,132200,132500,132500,131600,130800,130900,131300,131200,130300,128800,128100,127800,127800,127700,127900,128300,128700,128900,129300,129900,130700,131400,132000,132500,132600,132500,132800,133300,133700,134100,134400,134700,134900,"Missouri"
27,"Maryland",19,128700,128400,128000,127500,127200,127100,126900,126900,126900,127200,127500,127600,127600,127700,127700,127500,127400,127300,127300,127500,127600,127900,128600,129100,129300,129400,129500,129400,129700,130000,130300,130600,131000,131400,131900,132600,133200,133500,133700,134000,134500,135000,135300,135600,136200,136900,137500,138100,138600,139100,139800,140500,141000,141400,142000,142700,143700,144700,145800,146800,148000,149200,150300,151200,152100,153200,154600,155900,156900,158100,159600,161100,162600,164100,165700,167600,169700,171500,173300,175500,177800,180000,182000,184100,186300,188500,190800,193100,195500,198100,200900,203600,206400,209400,212500,215600,218900,222700,227100,231700,236400,241100,245800,250300,255100,260000,264600,269200,273900,279000,284200,289200,294200,299200,303700,307500,310600,313100,315500,317900,319700,321100,322400,323500,323900,323700,323400,323300,323000,322900,322700,322700,322800,322500,321400,319800,317800,315700,313800,311700,309300,306600,303700,300800,297900,294700,291300,288100,285300,282400,279600,276700,273900,271700,269800,267600,265400,263400,261100,258900,257300,256100,255000,254400,253800,252800,251600,250600,249600,248600,247500,246400,245000,243600,242300,241000,239600,238200,237100,236000,234600,232900,231400,230100,229100,228200,227000,226000,225500,225400,225100,224700,224500,224700,225100,225900,226600,227300,228000,228800,229700,230500,231300,231900,232700,233700,235200,236900,238600,240100,241600,243100,244500,245600,246300,247200,248800,250600,252100,252900,253100,252700,252200,251100,249200,248000,248400,249100,248600,248200,248100,247900,248100,249300,250300,251300,252400,253300,254000,254600,255000,"Maryland"
60,"Wisconsin",20,,,,,,,,,,,,,,,,,100200,100900,102100,103400,103900,104000,103900,103900,104100,104900,105700,106500,106900,107300,107700,108200,108400,108700,109000,110000,111300,112400,112900,113400,113500,113400,113500,113800,113900,114100,114400,115100,115800,116200,116200,116200,117000,118200,119000,119500,119900,120400,121000,121700,122500,123200,123600,123700,124400,125000,125200,125400,126100,126800,127500,127800,128000,128300,129100,130200,131000,131400,132200,133000,133500,134000,134600,135300,136100,137000,137700,138200,138700,139200,139700,140500,141000,140800,140700,141200,141600,142000,142800,143800,144400,145000,145500,146200,147100,147800,148200,148500,149000,149900,151000,152100,153100,154200,154800,155000,155300,156000,156800,157300,157400,157200,157000,156900,156700,157000,157400,157700,157700,157700,157700,158100,159000,159600,159200,158700,158400,157900,157400,157300,157000,156600,156300,156200,156100,155800,155600,155400,155100,154700,154600,154600,155200,156500,157700,158100,158200,158300,158800,159200,159300,159400,159400,159100,158500,158000,157800,157400,156600,155800,155200,154700,154200,153600,153000,152600,152400,152000,150800,149600,149100,149000,148300,147600,147200,146900,146600,146200,145900,145600,145300,145300,145500,145600,145900,146200,146300,146300,146300,146400,146300,146200,146100,146400,146800,147400,147900,148500,148900,149300,150000,150900,151700,152800,154000,154400,153400,152400,151900,151700,151900,152100,152000,151700,151400,151000,151100,151600,151800,152300,153100,153800,154600,155400,156100,156700,156600,155800,155300,155400,155600,"Wisconsin"
31,"Minnesota",21,97500,98000,98000,98000,98000,98000,97800,97900,98100,98600,99400,100000,100400,100600,100900,101200,101500,101900,102500,103100,103900,104700,105600,106600,107200,107600,108000,108400,109200,110100,110800,111700,112700,113600,114800,116000,116800,117600,118800,120200,121600,122800,124000,125200,126400,127500,128400,129400,130600,131900,133200,134600,136000,137400,138800,139900,141100,142500,143800,145300,147000,148600,149900,151200,152400,153600,154700,155700,156800,158000,159100,160000,161000,162300,163600,165000,166400,167900,169200,170500,171400,172400,173800,175300,176500,177700,178800,179800,180800,181700,182800,183900,185000,186100,187000,187600,188500,189800,191300,192800,194200,195300,196400,197600,198900,200000,201100,202400,203500,204400,205200,206000,206700,207200,207900,208700,209000,209100,209200,209600,210100,210300,210000,209600,209200,209000,209000,208900,208600,208100,207500,207000,206200,205200,204000,202800,201700,200700,199400,198000,196400,194400,192200,190200,188200,186300,184600,183200,181900,180500,179000,177500,177000,177600,178200,177900,177300,176800,176400,176100,175700,175400,175100,174700,174100,173300,172800,172600,172100,171200,170300,169600,168200,166500,165100,163900,162500,161200,159700,158000,156700,155700,154500,153300,152500,151900,151400,151300,151400,151400,151500,151800,152300,153300,154500,155400,156300,157300,158200,158700,159100,159800,160500,161300,162700,164300,165900,167500,169100,170500,171600,172600,173600,174100,174500,175000,175400,175600,175600,175900,176400,176700,177100,177500,177900,178200,179000,180000,180400,180800,181300,181400,181700,182800,183900,185000,186300,187300,188100,189100,190000,"Minnesota"
10,"Colorado",22,128800,129100,129400,129700,130100,130600,131000,131400,131800,132400,133000,133500,133800,134300,134800,135400,136100,136800,137600,138300,139300,140400,141200,141900,142400,142800,143300,143900,144400,145000,145700,146500,147500,148600,149900,151300,152900,154500,156100,157700,159100,160400,161900,163600,165000,166300,168100,169800,171400,173100,174800,176300,177800,179500,181100,182700,184200,185800,187400,189000,190500,191800,193000,194100,195300,196300,196800,197400,198100,198600,199000,199500,200300,201100,201700,202500,203300,203900,204300,204800,205300,205800,206300,206600,206700,206800,207100,207200,207600,208100,208700,209400,210000,210600,211200,211700,212000,212400,212900,213200,213500,214000,214700,215400,215900,216800,217900,218800,219400,219800,220100,220600,221300,221900,222400,222900,223500,224200,224600,225000,225600,225900,226100,226300,226500,226500,226500,226900,227300,227500,227400,227300,227400,227600,227900,228100,227800,227600,227400,226900,225900,224600,223200,222200,221400,221200,221100,220900,220600,219900,218600,217200,216200,215500,215200,214800,214400,213900,213500,213200,213100,213200,213400,213500,213600,213800,213900,213800,213600,212900,211900,210900,210000,209100,208400,207800,207300,206500,205800,205100,204300,203400,202800,202300,201900,202000,202400,203000,203300,204000,204900,205900,206800,208000,208900,209700,210600,211600,212400,213000,213900,215000,216100,217300,219000,220900,223000,225200,227300,229400,231200,233100,235100,237000,238800,240800,242700,244400,246000,247500,249000,250200,251600,253300,255200,257200,260000,263100,265900,269000,272100,275300,278600,282100,285500,289200,292700,295800,298300,300400,302200,"Colorado"
4,"Alabama",23,79800,79700,80200,80600,80700,80800,81200,81700,81800,81700,81800,82000,82000,81500,81300,81400,81500,81700,81900,82000,82400,82900,83400,83900,84400,84700,84800,85100,85500,85700,85900,86300,86700,87100,87700,88300,88900,89600,90200,90400,90400,90500,90800,91000,90900,91100,91100,91000,91200,91700,91800,92000,92300,92400,92200,92100,92300,92400,92500,92800,93100,93600,94100,94200,94200,94400,94800,95200,95800,96600,96900,96900,96600,96600,96900,97300,97300,97200,97300,97500,97500,97800,98500,98900,99000,98700,98400,98600,99300,100200,101000,101500,101800,101900,101800,102000,102500,103400,104400,105300,106200,107200,108100,108800,109600,110400,110900,112300,114200,115300,115700,116300,117100,117600,118200,119300,120400,121400,122400,123000,123400,123900,124600,125000,125300,125500,125800,126200,126600,126800,126900,126900,126800,126800,127100,127400,127800,128100,128000,127500,126900,126000,125300,124900,124700,124700,125400,126100,126000,125700,125800,125600,126000,127800,130000,131500,132300,132600,132400,131900,131400,131400,131700,131900,131600,130800,129400,128300,127800,127400,126700,126000,125400,124600,123700,123000,122200,121300,120600,120100,119600,119400,119000,118800,119000,119200,119000,119000,119100,119000,119000,119500,119800,120000,120000,120000,120200,120500,120500,120600,121100,121600,121700,121800,121900,122100,122600,123100,123700,124300,124700,125100,125400,125800,126400,126300,124700,123200,122500,122200,121800,121900,122300,122700,122200,121500,121300,121500,121800,122200,122400,122600,122700,122700,122600,122800,123000,123100,123100,123100,123300,"Alabama"
51,"South Carolina",24,80800,80900,81100,81100,80800,80600,80700,80900,81200,81500,81700,81900,82100,82200,82300,82700,83400,83700,83800,84100,84500,84800,85200,85800,86000,86300,86700,87300,87900,88500,89100,89600,89900,90400,91100,91800,92400,92800,93100,93600,94100,94300,94600,95000,95500,96100,96600,97000,97600,98300,98900,99200,99400,99700,100000,100400,100700,100900,100900,101000,101200,101500,101700,101900,102200,102900,103400,103600,103900,104100,104400,104600,104900,105200,105600,105800,106000,106300,106900,107300,107400,107700,108100,108600,108800,109200,109600,110200,110600,110900,111200,111700,112100,112400,113000,113700,114300,114900,115400,116100,116800,117400,118000,118800,119900,120900,121700,122500,123400,124200,125000,125900,126900,127800,128700,129800,130700,131400,132000,132600,133300,133700,134200,134800,135500,136000,136400,136700,136900,136800,136600,136400,136200,136200,136200,136100,135800,135900,135600,135200,134600,134100,133800,133600,133300,133200,133100,132900,132400,131800,131400,130800,131000,132500,134000,134700,134900,135000,135000,134900,134700,134500,134400,134300,134200,133900,133200,132600,132400,132300,131900,131200,130800,130500,130200,129700,129100,128400,127800,127300,126600,125900,125200,124800,124500,124000,123600,123300,122800,122100,121800,121400,121000,120800,121000,121200,121500,121700,121900,122000,122100,121900,121700,121700,122000,122400,122900,123600,124200,124800,125600,126800,127400,127700,127800,128400,129300,129400,129400,129900,130300,130300,130700,130900,131200,131700,132400,133000,133300,134500,135200,134800,134400,134800,135100,135400,135900,136300,136600,136800,137100,"South Carolina"
24,"Kentucky",25,79100,79000,79300,79900,80300,80700,81000,81100,81400,81600,81800,82000,82200,82600,83000,83400,83500,83700,84000,84400,84600,84800,85200,85500,85800,86000,86300,86600,87100,87500,87700,87800,88100,88600,89200,89700,90300,90600,90800,91100,91400,91600,91800,92000,92000,92300,92700,93100,93500,93800,93900,94100,94500,94800,94800,95100,95600,95900,96000,96400,96800,97300,97800,98200,98500,98600,98700,98800,99100,99500,99900,100200,100300,100600,100900,101200,101400,101700,102200,102700,103100,103400,103500,103700,104000,104300,104500,104600,104700,105100,105500,105900,106400,106900,107400,107900,108500,108800,109100,109400,109900,110300,110700,111100,111300,111400,111700,111800,111800,112200,112600,112900,113200,113600,114100,114400,114500,114400,114400,114500,114800,115100,115400,115600,115700,115900,116000,116200,116400,116400,116300,116200,115900,115800,115800,115800,115800,115700,115700,115900,115900,115500,115100,115200,115400,115500,115400,115300,115300,115500,115400,115000,115000,116100,117800,118700,118900,118900,119100,119600,120200,120700,121000,121100,121300,121300,121100,121000,121000,121100,121100,120900,120500,120100,119600,119300,119200,119200,118900,118500,118500,118600,118400,118300,118100,117700,117600,117600,117700,117500,117400,117600,118000,118400,118700,118900,119000,118900,118900,119100,119400,119300,119100,119100,119300,119800,120600,121400,122100,122700,123400,124200,124600,124800,125200,125200,124200,123200,122800,122500,122400,122500,122700,123000,123200,123200,123400,123900,124500,125100,125400,125700,126000,126400,126800,127300,127800,128300,128600,129000,129400,"Kentucky"
46,"Oregon",26,126400,127100,127600,128100,128800,129400,130000,130700,131200,131700,132200,132600,132900,133100,133400,133900,134300,134800,135400,136100,136800,137500,138100,138600,139000,139300,139400,139600,140000,140500,140800,141300,141800,142100,142600,143400,143800,144000,144500,145100,145300,145400,145700,146100,146100,146200,146800,147300,147500,148000,148600,149100,149300,149500,149500,149700,150200,151000,151800,152500,152900,153400,153800,154100,154200,154600,155100,155400,156000,156800,157500,158200,159000,159400,159900,160500,161300,162000,162800,163500,164500,165600,166400,167100,167900,168700,169500,170300,171100,172200,173500,174900,176100,177200,178200,179200,180600,182300,183900,185700,187700,189600,191700,194000,196000,198100,200600,203200,206100,209400,213300,217200,221500,225800,230000,234000,237700,241000,244200,247500,250700,253600,255900,258200,260400,261900,262700,263600,264300,264800,265300,266000,266600,266800,266700,266200,265200,264100,263200,261900,260300,258500,256800,255300,253800,252100,250500,248800,246900,244800,242500,239900,237900,237300,236800,235300,233700,232100,230400,228900,227800,227000,226500,226300,226100,225600,224700,223700,222300,221000,219500,217900,216100,214300,212500,211100,209800,208400,206800,205100,203300,201600,200300,199400,198700,198200,197800,197600,197400,197500,197800,198200,198900,199600,200500,201200,202000,202900,203800,204500,205200,205800,206700,208300,210500,212800,215300,218400,221300,223800,226000,228000,229800,231400,232900,234100,235300,236400,236700,236500,236500,236800,237100,238200,239000,239300,240300,242100,244000,246600,249500,251800,253900,256700,259700,262500,265100,267800,270500,272800,274500,"Oregon"
45,"Oklahoma",27,57500,57500,57600,57700,57700,57900,58000,58000,58300,58500,58500,58600,58900,59200,59300,59600,59800,60000,60200,60300,60400,60700,61000,61300,61500,61800,62200,62200,62400,62600,62900,63300,63800,63900,64000,64300,64600,64800,65000,65200,65400,65600,65900,66200,66500,66700,67000,67200,67500,67700,67900,68200,68500,68700,68900,69000,69100,69500,69900,70000,70100,70300,70500,70900,71200,71300,71300,71400,71500,71600,71800,72100,72300,72400,72600,72700,72800,73100,73300,73400,73700,74100,74300,74400,74500,74900,75200,75300,75600,75600,75800,76100,76300,76300,76400,76800,77300,77500,77600,77800,78100,78600,79000,79100,79200,79400,79700,80000,80200,80400,80700,81100,81300,81500,81800,82200,82700,83000,83200,83300,83200,83300,83500,83700,84000,84200,84400,84600,84700,84700,84700,84800,85000,85200,85400,85500,85600,85800,85900,85900,85900,85900,85900,85900,86100,86300,86300,86300,86300,86300,86400,86300,86900,87900,88900,89200,89500,89700,90000,90300,90500,90700,91000,91200,91300,91300,91100,91100,91100,91200,91300,91200,91100,91000,91000,91000,90900,90600,90700,91100,91300,91200,91300,91400,91600,91700,91800,92000,92400,92600,92900,93500,94400,95100,95600,96200,96800,97400,98100,98600,98900,99100,99200,99500,99900,100300,101100,102200,103000,103900,105100,106300,107000,107900,108300,108200,108000,108100,108000,108100,108400,108800,109200,109500,109600,109700,110200,110800,111200,112200,112900,112800,112600,112700,112500,112800,113200,113400,113600,113800,113900,"Oklahoma"
11,"Connecticut",28,135000,135300,135500,135600,135800,135800,135600,135500,135600,135900,136400,136700,136700,136900,137000,137100,137200,137500,137900,138300,138900,139700,140600,141500,142200,142400,142500,142800,143200,143600,144300,145100,146100,147300,148400,149400,150300,151400,152500,153500,154200,155200,156300,157300,158000,159300,160800,161800,162400,163400,164600,165800,166800,167600,168500,169600,170800,172000,173500,175100,176600,178000,179100,180300,182000,183800,185700,187300,188900,190600,191900,193300,195300,197500,199600,202100,204600,206700,208800,211300,213700,216000,218400,220700,222800,224600,226500,228300,230000,231800,233900,235900,237900,240000,242000,244200,246800,249800,253000,256100,259100,262100,264800,267200,269400,271700,273800,275800,277800,279900,281800,283900,286000,287900,289600,291500,292900,293700,294400,295100,295500,295600,295500,295200,294900,294500,294200,293800,293400,293100,293300,293500,293500,292900,292200,291100,290200,289100,288000,286900,285700,283800,281800,280300,279100,278000,276700,275200,273900,272700,271500,269900,268300,267300,266400,265000,263300,261700,260600,259800,259300,258900,258600,258400,258300,258200,257800,257300,256900,256500,255900,255100,253900,252600,251300,250000,248900,247900,246700,245400,244000,242900,242200,241400,240600,239700,238600,237700,236800,236100,235600,235400,235000,234400,233800,233600,233300,232700,232600,232700,233000,233400,233600,233600,233900,234100,234700,235500,236600,237700,238700,239300,239900,240300,240200,240100,240700,241400,241600,241000,240300,239700,239100,238600,238000,237600,237900,238500,238500,238200,237900,238100,238000,237800,237400,237100,236900,236800,236700,236500,236200,"Connecticut"
19,"Iowa",29,,,,,,,,,,,,,,,,,,,,,,,,,,,,,,,,,,,,,,,,,,,,,,,,,,,,,,,,,,,,,,,,,,,,,,,,,,,,,,,,,,,,,,,,,,,,,,,,,,,,,,,,,,,,,,,,,,,,,,,,,,,,,,,,,,,,,,,,,,,,,,,,,,,,,,,,,,,,,,,,,118100,119400,119900,121100,121300,120200,117500,114200,111700,110900,110900,111100,112000,112800,113200,114100,115400,115900,116100,116700,117000,117100,117200,117400,117500,117900,118500,119000,119300,120100,121700,123000,123500,123800,123500,122600,121600,120900,121300,122000,122300,121700,121500,121900,122100,122200,123200,124600,125200,125000,125400,126300,127000,126700,127200,128200,127800,126400,125900,126100,126700,127300,127500,127300,126800,126100,125800,126500,127500,128100,128700,129800,130500,130700,130600,130700,130900,130900,131300,132200,132900,"Iowa"
34,"Mississippi",30,64200,64200,64400,64600,65000,65500,65600,65500,65400,65200,65000,65100,65300,65600,65900,66100,66500,67000,67700,68200,68600,68700,68900,69400,70000,70400,70900,71600,72000,72100,72100,71900,72000,72300,72800,73200,73400,73400,73200,73000,73000,73200,73500,73500,73400,73400,73800,74100,73800,73500,73600,74000,74000,73700,73500,73600,73800,74500,75000,75400,75600,75900,76200,76400,76600,76700,76800,76900,77100,77200,77100,76900,76900,77100,76900,76700,76400,76500,76700,77000,77000,77200,77700,78100,78400,78700,79200,80000,80600,80800,80700,80700,81200,81700,81800,82000,82400,82700,83000,83100,83300,83800,84300,84700,85100,84800,84300,84000,84000,84100,84000,83800,83900,84100,84700,85500,85800,85700,85900,86700,87700,88300,88900,89700,90100,90500,91200,91900,92600,93600,94700,95200,95400,95800,96300,96800,97100,97200,97100,97100,97300,97900,98500,99000,99100,99500,100100,101100,102900,105400,107700,110000,112300,114400,116500,119100,121800,124500,126700,127500,127100,126500,126200,125300,124300,123600,123100,123200,123400,123000,121800,120200,119000,118000,117100,116200,115600,115000,113400,112700,113700,114600,113900,112600,111100,110200,110000,110200,110600,111600,112500,113000,113600,114200,113900,116500,121700,125100,126200,127600,128400,128800,129700,126900,121800,120300,123100,125400,126400,126400,125600,124400,123100,122000,122000,121600,119000,115500,113500,112600,112100,112000,112400,112700,112900,112600,112000,112800,114200,115300,115700,115300,114100,113500,113400,113100,113100,113300,113200,114000,115400,"Mississippi"
6,"Arkansas",31,66400,66300,66300,66200,65900,65800,66000,66000,66100,66200,66400,66800,67400,67700,67700,67600,67700,67800,68000,68300,68600,68700,68900,69200,69500,69500,69700,69900,70200,70300,70500,70800,71000,70900,70800,70900,71100,71100,71100,71200,71600,71900,71900,72000,72300,72400,72600,72800,72800,73000,73200,73500,73600,73700,73900,74000,74100,74400,74800,74900,75100,75400,75700,75900,76100,76000,76100,76100,76300,76300,76500,76900,77300,77300,77400,77800,78300,78800,79100,79500,79800,80100,80300,80700,81100,81700,82100,82300,82600,83100,83600,84000,84700,85200,85500,85900,86300,86700,87200,87700,88100,88500,88900,89200,89600,90200,91000,91700,92200,92800,93500,94200,94800,95400,96100,97000,97700,98200,98500,98700,99100,99600,99900,100200,100500,100900,101200,101500,101600,101800,101900,102100,102500,102900,103200,103500,103700,103600,103700,104000,104100,103900,103900,103700,103500,103300,103300,103100,103100,102900,102700,102400,102700,103300,103900,104200,104500,104600,104600,104800,105100,105400,105500,105600,105500,105300,105100,105100,105300,105500,105600,105500,105200,104900,104700,104600,104100,103700,103500,103400,103000,102600,102300,102000,101700,101400,101300,101200,101000,100900,101000,101100,101300,101600,101800,102100,102400,102700,102800,103100,103400,103500,103700,104100,104600,105200,105700,106400,107200,107900,108300,108900,109800,110700,111000,110800,110300,109600,109200,109100,109100,109500,110100,110700,110800,110700,111100,111800,112400,113000,113600,113700,113800,114100,114200,114400,114900,115400,115700,116100,116500,"Arkansas"
23,"Kansas",32,,,,,,,,,,,,,,,,,,,,,,,,,,,,,,,,,,,,,,,,,,,,,,,,,,,,,,,,,,,,,,,,,,,,,,,,,,,,,,,,,,,,,,,,,,,,,,,,,,,,,,,,,,,,,,,,,,,,,,,,,,,,,,,,,,,,,,,,,,,,,,,,,,,,,107100,109700,111400,113400,115500,117100,117600,118500,120100,121300,121500,121500,121700,121800,121700,121800,121800,121900,121300,121000,120600,119500,118200,117700,117500,117300,116500,115600,114900,114100,112700,112100,112400,112600,112100,112100,112300,112500,112200,112100,112300,112300,111500,112300,116500,122200,125400,126300,126400,126800,127200,127700,128200,128300,128800,125800,120300,117200,117900,118700,119400,119800,120200,120800,121200,121300,121400,121000,119300,117000,115400,114800,115000,115700,116600,117200,117600,117700,117700,118400,119700,120100,120100,120900,122100,122700,123000,122900,123000,123100,122600,122600,123100,"Kansas"
55,"Utah",33,126400,126500,126800,127400,128300,129200,130000,130800,131800,132700,133400,134200,135200,136100,136700,137400,138400,139100,139500,139900,140100,140400,140900,141500,141800,142000,142200,142400,142800,143200,143600,144200,144800,145200,145500,146200,147100,147700,148200,148900,149100,149500,150900,152700,153800,154200,154700,155400,155900,156500,157100,157400,157800,158700,159400,160000,160900,161800,162100,162300,162700,163000,163100,163200,163300,163600,163900,163900,164000,164400,164800,165000,165000,164900,165100,165600,166100,166200,165700,165200,165100,165400,165400,165300,165200,165000,164900,164900,164600,164400,164400,164300,164300,164500,165000,165400,166000,166900,167800,168500,169000,169200,169500,170000,170600,171200,172100,173400,174800,176400,178100,179900,181900,183800,185600,187400,189200,191200,193700,196500,199400,202600,206000,209800,213700,218200,222700,226500,229900,233600,237600,241300,244300,246400,248200,250100,252000,253700,255400,257100,258500,258900,258700,257500,255600,253900,253100,252500,252200,251700,251100,250300,249600,249100,248900,248200,246800,245500,243900,241700,239000,235900,232800,230500,228300,226000,223800,222000,220800,219100,216700,214300,212100,209700,207300,205900,204900,203700,200600,198700,199500,201300,200800,199900,198800,198500,198300,197100,195700,194900,194900,195600,196400,197200,198700,199900,200600,201300,202000,202500,203400,204600,205400,206500,208300,210500,212000,213000,214200,215300,216500,218100,219300,219700,220900,220000,215500,210700,208800,208200,208000,207700,208000,209100,209700,209800,210200,210800,211300,212200,213800,215700,217600,219200,220300,221200,222300,223400,224600,226100,227200,"Utah"
42,"Nevada",34,127400,127000,126500,126200,126100,126200,126400,126700,127000,127400,127800,128400,128600,128600,128700,128900,128900,129000,129200,129400,129600,130200,130600,130500,130400,130700,131100,131700,132100,132600,133000,133000,132900,133100,133600,133900,134200,134600,135000,135100,135200,135600,136100,136700,137500,138200,139000,139500,139600,140000,140400,140900,141500,142100,142600,143200,144000,144800,145600,146400,147100,147700,148200,149000,149800,150600,151500,152900,154200,155300,156100,156900,157800,158600,159100,159600,160400,161300,162400,163800,165400,167000,168500,169900,171300,172600,174100,176000,178400,181200,184300,188100,192600,197500,203500,210800,219500,229500,240400,250300,258700,265700,271900,276400,279300,281100,283100,285700,288300,290400,292200,294600,297500,299900,302100,304500,306900,308800,310100,310900,311300,311100,310200,309000,307500,306000,304400,302700,300700,298600,296500,294000,291200,288500,286000,283700,280900,277400,273900,270000,265300,260200,254800,249100,243400,237600,231800,226200,220300,214700,209400,203300,197700,194000,190200,185300,180400,175500,170100,164700,160500,157600,155200,153700,152700,151900,151200,150400,149400,148200,146900,145600,144400,143100,141600,140400,139400,137800,135700,133500,131500,129800,128200,127000,126000,125000,124000,123400,122800,122500,122700,123500,124200,125000,126400,128200,130100,131800,133400,135300,137400,139400,142200,145300,148300,151500,155300,159200,163000,166600,169900,172600,174400,175800,177100,179100,181900,184200,185700,186900,187800,188700,189700,191000,192200,193400,194800,196200,197600,199500,201500,203500,205500,207700,209700,211400,213200,214900,216200,217400,218400,"Nevada"
41,"New Mexico",35,118400,116400,115400,115700,117500,118600,118500,118700,118500,118100,118200,118900,120000,120300,120000,119700,119600,119800,120600,120900,120400,120000,120100,121300,123100,124300,124200,123800,124200,123900,122500,121400,122000,122600,123600,125400,128300,130000,130900,131700,132200,133600,134900,135500,136100,137400,137500,136600,133600,131500,132300,133200,132900,132700,132300,132000,132100,132600,133100,133700,134900,138100,141400,143200,144100,145100,145400,145400,145400,145600,145900,146300,147100,147600,147200,147700,149700,151300,151600,151200,150600,150600,151200,151900,152300,152500,152600,151300,150300,149800,149500,150300,153000,155200,156300,157300,158800,160000,160300,159600,159100,158500,160100,163200,165300,165900,167900,170000,172200,174300,176800,179100,178900,179700,183100,185900,186900,186500,183700,180600,177900,175000,174400,177100,181200,183900,185200,185900,185800,186300,187800,190600,193000,193300,193300,193300,192600,191400,190200,188700,187900,187400,187400,187800,188200,188100,187300,186500,187300,188500,188800,189100,190000,190900,192200,194100,195700,197200,197000,196200,195000,192700,190000,188900,188200,187700,187700,187200,186300,185600,185200,184200,182500,182600,184600,185700,184700,184500,181800,178000,177500,179700,180100,179900,181200,182600,182200,180900,180300,180900,182000,181400,179700,179100,180700,182700,183600,183600,182500,180300,179200,179200,179300,180300,181300,181500,181400,181200,181100,180700,180100,179800,179500,178900,179500,178900,175300,171000,168300,166100,164800,164100,164100,165100,165600,164700,163500,163200,163400,164200,165000,165400,165500,165300,164400,163600,163600,163500,163900,165300,166400,"New Mexico"
61,"West Virginia",36,,,,,,,,,,,,,,,,,,,,,,,,,,,,,,,,,,,,,,,,,,,,,,,,,,,,,,,,,,,,,,,,,,,,,,,,,,,,,,,,,,,,,,,,,,,,,,,,,,,,,,,,,,,,,,,,,,,,,,,,,,,,,,,,,,,,,,,,,,,,,,,,,,,,,,,,,,,,,,,,,91200,91500,92000,93100,93400,92600,92100,93100,94800,96000,96700,97400,97800,97900,98300,99100,98800,96700,93900,92500,92300,93000,93800,94800,95700,96600,96800,96900,97000,96400,95300,94500,94200,94200,95100,95900,96600,97300,98200,98500,97800,96500,95500,95500,96700,97500,97300,97400,98700,100200,101600,103100,103300,103000,104200,104800,103200,101300,100700,100400,99800,98200,96300,95500,94700,92800,91100,90700,90600,91300,91700,91200,90700,91100,91400,91500,91800,93200,95100,96200,96600,"West Virginia"
38,"Nebraska",37,83000,83300,83400,83400,83600,83900,84000,84000,84100,84400,84600,84800,85500,86100,86500,86700,86900,87200,87700,88100,88500,89100,89500,89800,89900,89900,90000,90600,91400,91900,92200,92500,92700,93200,94000,94500,94600,94900,95400,95900,96000,96000,95800,96100,96500,96800,97200,97800,98500,99200,99800,100400,101300,101900,102300,102700,103200,103700,104100,104200,104100,104100,104100,104100,103900,104000,104700,105400,106000,106700,107400,107900,108300,108300,108300,108600,109300,110000,110500,111000,111200,111300,111400,111600,112000,112800,113700,114100,113900,114200,114800,115100,115100,115400,116000,116700,117000,117400,117500,117600,118000,118500,118800,119200,119500,119700,119800,120400,121200,121700,121900,122000,122100,122200,122300,122700,123400,123900,124000,124000,124000,124100,124300,124500,124700,124600,124300,124200,124200,124400,124600,124700,125000,125300,125500,125300,125000,125000,125100,124600,124000,123600,123000,122300,121800,121300,121100,121400,121600,121500,121500,121500,121400,121000,120900,120800,120900,121200,121500,121500,121200,121200,121700,122500,123100,123400,123700,124100,123900,123700,124100,124600,124400,123400,122000,120700,119800,119300,119300,119800,120600,121100,121200,120900,120400,120500,121200,122000,122800,123300,123100,121900,120000,118400,116800,117400,120500,122900,122600,121700,121300,121400,121400,121500,122000,122700,123400,123800,123900,124300,125100,125900,126500,127000,127700,128700,129700,130500,130900,130700,130200,129900,130200,130900,131000,131200,132100,133300,134300,135100,135700,135800,135700,136000,137000,138300,139600,140600,141400,141900,142300,"Nebraska"
20,"Idaho",38,109300,109400,109500,109300,108900,108900,108900,108900,109000,109500,109900,110500,111000,110900,110400,110400,110700,111100,111700,112300,112300,111800,111300,110800,110400,110100,109900,110000,110600,110800,110300,109800,110000,110500,111000,111200,111400,111700,111700,111600,111500,111700,112100,112600,112600,112400,112400,112800,113300,113800,114200,114600,114900,115200,115700,116300,116500,116700,117000,117300,117300,117400,118200,119300,119900,120100,120200,120500,121200,121900,122400,122700,123000,123100,123400,124000,124500,124500,124700,125100,125500,125800,126100,126500,127000,127800,127900,127100,126500,126900,127500,127500,127200,127300,127800,128400,128700,128800,129100,129500,130300,131200,132000,133100,134600,136100,137400,138700,140200,141700,143200,144900,147200,149600,152100,154900,158300,162000,165600,169300,173700,177800,181800,185500,188200,190100,191200,191700,191800,192000,191800,191700,191900,192400,193200,194100,194300,194800,196000,197200,196900,195800,195000,194500,193200,192000,191000,189800,188400,187200,186200,185000,183800,182800,181800,180700,179200,177400,175600,174800,174200,172800,171000,170100,169900,170000,169700,168900,167700,166100,164300,162500,160900,159300,158000,156700,154800,152700,150400,148100,147300,148000,147900,147100,146600,146400,146300,145900,146100,146300,146600,147600,148700,149200,149900,150700,151700,152900,153800,154500,154900,155300,156100,157200,158400,160100,162000,163600,164700,165300,165400,165500,166400,167600,169000,169100,167200,165000,163900,163300,162900,162600,162800,163400,163900,164200,164600,165100,166000,166800,167700,168700,169500,170100,170800,171500,172000,172700,173500,174500,175400,"Idaho"
18,"Hawaii",39,227100,225100,224100,222700,221400,220500,219900,219300,218700,218100,217500,216500,215300,213900,212900,212600,212700,212600,212100,211300,210200,209800,209900,210000,209400,208700,208500,208800,208900,208500,208100,207600,208000,208900,210000,210900,212000,212500,212200,211300,210600,210300,210500,210800,211300,212000,213300,214800,216200,217500,218900,220400,222500,224300,225500,226600,227500,228000,228200,228500,229800,232100,234000,235300,236400,237400,238800,240600,242100,243900,246100,248600,250000,251900,254300,256800,259200,262800,266500,270300,274400,278600,282200,285600,289500,293700,298000,302700,307400,312000,317000,322800,328900,335000,341000,347800,355600,364000,373000,382200,391300,400400,409500,418500,427400,436600,445800,454700,463100,470800,478800,488500,498200,506500,514200,521000,526600,532100,537800,543000,547200,548900,549000,548400,547800,546900,545900,545100,544000,542200,541300,541100,540400,539600,538800,537700,536700,535500,533800,531600,528800,525700,521800,517600,514600,512400,509800,506000,501600,496600,491400,486600,483400,481600,479000,474400,469600,465200,461400,457800,454700,453000,451900,450900,450400,450000,449300,449200,449600,450300,450300,449300,447900,446600,445300,444300,443100,441400,439800,438200,436400,434800,433300,431500,430100,429600,429400,429400,429200,428700,428800,429500,429900,430100,431400,433600,435900,438300,440800,443300,446000,448800,451700,455000,458700,462500,466500,471600,476800,482200,487700,492200,495400,498400,501300,504400,508100,510800,512700,515000,517300,519200,521000,523000,524300,526100,530200,534900,537300,538800,541400,544500,547500,548700,548700,549500,551800,554100,555500,556400,557500,"Hawaii"
39,"New Hampshire",40,98600,98700,98700,99000,99300,99500,99700,99700,99800,100500,101300,101500,101600,102100,102900,103700,104400,105000,105800,106800,107600,108400,109300,110100,110500,111100,112000,113000,113800,114400,114800,115200,115800,116500,117200,117900,118800,120000,121100,121900,123000,124400,125600,126800,128400,130300,132500,134100,135300,136400,137600,138800,140300,141800,143300,145200,147500,149800,151700,153500,155100,156500,157700,159700,161800,163600,165300,167200,168600,169800,171100,172800,174800,176600,178300,180300,182900,185800,188400,190700,192900,195100,196900,198700,200900,203400,205800,207900,209400,211200,213600,215700,217400,219000,220900,223200,225600,228200,230900,232500,233300,234400,235800,237500,239500,241600,243500,245000,246500,248300,249700,250800,252100,253400,254100,254300,254200,254600,255200,255500,255300,254600,253700,253000,252300,251600,250700,249600,248700,248100,248000,247800,247500,247000,246300,245600,244600,243200,241700,240300,239000,237400,235700,233900,232000,230100,228500,227000,225500,223800,222200,220900,219500,217900,216300,215000,213800,212900,212100,211700,211400,210900,210800,210900,210800,210700,210700,210500,209900,209100,208400,207600,206800,206000,205400,204500,203500,202200,201000,200000,198900,197600,196500,196000,195800,195800,195600,195400,195600,195600,195300,194800,194400,194100,194100,194300,194400,194400,194500,194800,195000,195300,195800,196300,196700,197800,199500,201100,202400,203700,204700,205400,206500,207700,208300,209600,211900,214100,215200,215900,216400,216900,217300,217700,218000,218300,218900,219800,220500,220900,221400,221800,222300,222800,223400,224200,225100,226200,227500,227900,227800,"New Hampshire"
50,"Rhode Island",41,115900,116400,116600,116500,116100,115700,115400,115100,115100,115500,115900,116100,116100,115700,115100,114900,114900,114900,115200,115700,116000,116500,117200,117700,117900,118200,118500,118700,118800,119200,119700,120000,120600,121300,122100,122800,123400,124100,124700,125400,126300,127000,127200,128000,129200,130700,132600,134500,135600,136200,137000,138000,139100,140600,142100,143500,144800,146300,147800,149300,150800,152600,154300,156400,158700,161100,163300,165400,167400,169800,172000,174000,176400,179600,183100,186600,189900,193300,196900,200500,203900,206900,209800,212800,216200,220100,224100,227900,231800,235400,238900,242200,245300,248400,251600,254600,257500,260500,263900,267200,270200,273000,275900,279100,282200,284800,287200,289900,292200,293300,293600,294100,294700,295500,296400,297000,296800,295900,295200,295000,295500,296000,295800,295000,293600,292300,290900,289600,288200,287000,285900,284800,283600,282300,280800,279500,278000,276300,274600,273100,271500,269700,267100,263700,259500,255700,252400,249300,246200,242900,239400,235700,233200,232800,233000,232500,231800,231100,230600,230300,230400,230500,230700,231000,231300,231100,231000,231100,231400,231600,231300,230700,229800,228700,227600,226600,225100,223400,221900,220300,218200,216400,214900,213400,212300,211800,211200,210200,209300,208400,207000,206000,205500,205100,204900,205100,205300,205100,205100,205800,206500,206800,206800,207500,208400,209300,210400,211700,213000,213600,213900,214200,214700,215200,215600,215900,216500,217800,218900,219000,218900,219600,220500,221000,220800,220800,221400,222200,222800,223000,223100,223500,224400,225500,226500,227800,228900,229900,230900,232400,233600,"Rhode Island"
35,"Montana",42,,,,,,,,,,,,,,,,,,,,,,96400,96200,96400,96000,95100,94400,93900,93700,93700,93700,93600,94000,94600,94700,94600,95100,96000,96900,97300,97300,97700,98200,98400,98600,99200,99600,99700,99900,100100,99900,99900,100200,100500,100500,100700,101000,101200,101800,102500,103100,103600,103900,104000,104000,104200,104800,105800,107100,108100,108700,109100,109600,110100,110400,110600,110800,110800,110700,110900,111400,112100,112800,113700,114500,115300,116600,118400,120000,121200,122100,122900,123800,125200,126700,128400,129600,130200,130900,132200,133600,134900,136300,137500,138400,139200,140100,140900,141900,143200,144800,146200,147400,148600,149900,151200,152200,153000,153400,154100,155400,156800,157700,158400,159300,160500,161700,162800,163700,164500,165300,166000,166700,167800,168900,169600,170000,170800,172000,173200,173700,173800,174300,175100,175500,175800,176100,176700,178700,181900,185200,188300,191300,194100,197300,200600,203700,206100,209600,212900,214300,213200,211200,208000,204500,201800,201400,201600,200600,198600,196200,193900,192700,191900,190500,191200,194000,196900,194200,189500,188200,189900,189600,189000,187900,186400,185600,184700,183600,183100,183900,185800,187600,188500,189100,189800,190100,190000,189800,189700,189800,189300,188800,189200,190500,192100,193600,193700,193700,194200,194600,194500,194100,194100,195300,194000,188200,182300,179100,177300,176500,176300,176800,177500,178200,178700,179400,179900,180800,181200,182000,183300,184700,185400,186100,186400,186400,186400,186800,188000,189300,"Montana"
13,"Delaware",43,107900,108100,108400,108900,109700,110100,110300,110500,110500,110500,110500,110500,110500,110700,110700,110700,110600,110900,111200,111700,112200,112800,113100,113500,114000,114200,114200,114300,114400,114300,114400,114500,114700,115300,116300,117200,117800,118500,119300,119800,119900,120100,120500,120900,121200,121900,122900,123700,124100,124500,125100,125800,126400,127100,127700,128300,129000,129700,130400,131200,131800,132200,132600,133200,133700,134200,134800,135500,136500,137600,138600,139700,140900,141900,142900,144200,145700,147100,148400,149700,150900,152400,153900,155200,156400,157600,158600,159500,160700,161900,163200,164800,166600,168200,169800,171400,173400,175600,177900,180100,182600,185100,187400,189600,192000,194300,196300,198400,200900,203900,207200,210400,213700,217300,220600,223200,225000,226400,227400,228500,229500,230200,231000,231800,232200,232400,232900,233700,234200,234200,234100,234500,234900,234900,234500,234500,234400,234000,233500,233000,232100,231100,230200,229000,227200,225400,223900,222600,221500,220400,219100,217500,216400,216500,216900,216500,216500,217600,218600,218900,219000,218900,218900,219300,219400,218700,217300,216000,215500,215600,215100,212800,210000,207600,205900,204300,203400,202700,202500,202400,201600,199100,196500,195000,193800,192100,190300,189100,188600,188500,188500,188300,187700,186800,186500,186600,186800,187200,187700,188200,188700,189000,189500,189800,189700,189700,190200,191200,192500,194100,195300,195400,195000,195200,195800,196900,198700,200700,202400,203600,204300,204900,205300,205300,204300,202900,201900,201700,202100,202500,202700,203200,204300,205500,206400,207500,208900,210000,210500,210700,210800,"Delaware"
52,"South Dakota",44,,88300,87300,86700,86800,87200,87600,88200,88900,89300,89800,90400,90700,91300,91900,92400,92600,92400,92100,91900,92000,92500,93100,93500,93700,93800,93900,93900,94200,95000,95500,95500,96300,97600,98400,98800,99400,100100,100700,101400,102100,102900,103700,104300,104100,103600,103600,104000,104100,104700,106300,107500,107800,108000,108300,108800,109600,110600,111200,111500,112000,112300,112400,112700,112600,112100,112000,111800,111600,111800,112500,112900,113400,113600,113500,113400,113900,114700,115700,116500,117000,116900,116600,116500,116700,117500,118600,119700,120600,121600,122300,122700,122700,122700,123000,123400,123900,124000,124100,124200,124600,124700,124800,125000,125200,125400,125700,126300,127000,127200,127300,127600,128100,128400,128700,129600,130800,131700,132400,133100,133800,133900,133700,134000,134800,135700,136600,137700,138100,138000,138200,138700,138900,139700,141200,141800,141600,141300,140700,140200,140400,140800,141200,141300,141600,141800,141800,141500,141800,142400,142700,142500,142400,143300,144200,144400,144000,144500,145500,146000,145900,145800,146600,148300,149500,149800,149400,148900,148600,148200,147700,146600,144800,143200,142000,140500,139500,138800,138100,138400,139300,139600,139600,139500,139700,140300,141400,142300,143500,144700,145800,146400,146500,146100,144800,145600,147500,146900,144400,142000,139600,137200,135100,133200,132600,132800,133800,134700,135500,136900,138600,140100,141800,143800,145800,147000,146100,144900,144900,145000,145400,146200,147400,148500,149400,149900,150400,151600,153500,155300,156500,157200,158000,159000,159900,160300,160600,161200,162000,163100,164000,"South Dakota"
3,"Alaska",45,,,,,,,,,,,,,,,,,,,,,,,,,,,,181900,178100,175500,173400,172100,171800,171400,170200,169100,169300,170400,171500,172400,172800,172800,172500,172200,172200,171900,170700,169800,170300,171600,172900,173900,175400,176800,177700,178500,178800,177700,175700,174200,173900,175100,176700,178000,179000,179800,180100,179600,178700,178200,178200,178400,179400,180500,181100,181800,182600,183400,183900,184200,184400,184900,185600,186500,187500,188600,190300,192000,193400,194800,196400,198200,200100,201700,203000,204200,205300,206300,207600,209100,210300,211200,212400,213900,215700,217800,220300,222800,225100,227500,229700,232000,234500,237500,240500,243800,247000,249800,251700,252800,254100,256000,257800,259500,261000,262400,263400,264100,264700,265200,265900,266700,267400,267800,268100,268400,268700,268800,268900,269400,269900,270200,271000,273500,276400,277700,277900,277500,275600,273100,270600,268300,266400,264500,262600,260700,258700,256200,253900,252000,252300,254400,256400,257100,257800,259100,260200,259400,257600,256500,257300,258800,259000,258600,258900,258900,257600,256200,253800,251700,251300,251800,251700,251400,250600,249600,248900,248500,247500,246100,245400,246200,247600,248800,249300,250000,250900,251400,251100,251300,252500,254400,256100,256100,255500,256400,257300,257300,257300,257600,257500,257900,258300,259000,259900,259800,258500,257000,256400,256300,256300,256000,256100,256300,256300,256000,256400,257500,258800,259900,260800,261400,262000,262400,262400,262800,264100,265400,266400,267600,268600,"Alaska"
37,"North Dakota",46,,,,,,,,,,,,,,,,,,,,,,,,,,,,,,,,,,,,,,,,,,,,,,,,,,,,,,,,,,,,,,,,,,,,,,,,,,,,,,,,,,,,,,,,,,,,,,,,,,,,,,,119800,118400,117700,117700,117600,117300,118200,119400,120300,121000,121600,122500,124000,125400,126500,126900,127000,127300,127500,127100,126500,125900,126100,126600,126300,125800,125900,126200,127100,128300,129000,129700,131000,131900,131700,131300,131500,132400,133000,132800,132500,132900,133000,133100,133000,132700,133400,135000,136500,138000,139700,141200,142700,144500,146100,147400,148500,148600,148200,148300,148500,148600,148700,148700,148800,149400,150000,150200,150700,151000,150700,150300,150600,150800,151100,152100,152700,152700,152500,152600,152300,152100,151800,152500,153700,153300,152100,152000,152300,151700,151500,152200,154000,158100,162500,165700,167900,170100,172200,174700,176100,177500,179100,180700,181400,181500,182000,182700,183200,184100,185200,185600,185900,186400,187000,187700,188400,188700,189200,190000,190600,191100,191700,192400,193400,194200,194300,194800,196400,197400,197100,195600,195600,197300,199100,199300,200000,201500,202600,"North Dakota"
58,"Vermont",47,,,,,,,,,,,,,,,,,,,,,,,,,,,,,,,,,,,,,,,,,,,,,,,,,,,,,,,,,,,,,,,,,,,,,,,,,,,,,,,,,,,,,,,,,,178500,182200,185200,186400,186100,186800,188600,191300,195500,198900,203400,210100,216400,219800,225600,234600,242400,247800,251800,253600,254300,256100,255900,251900,247900,246800,247500,247000,245700,245100,245100,244700,244700,244900,244500,244800,247200,248400,245600,239100,233600,230300,227300,225100,222100,216300,211200,210000,209700,208800,207900,206700,204900,203400,202900,202000,201400,201200,200600,199300,198100,197100,195500,198700,206300,211900,212900,213300,212900,211800,211300,212000,213500,214800,216800,218400,218200,217500,217300,216500,216100,216100,216100,216900,218300,218500,218100,217400,216000,214700,214300,213300,212600,212300,211700,211100,211500,211800,211800,211700,211000,210400,209500,213700,219500,224100,226000,222300,213300,209400,209600,209000,208300,208100,208700,208600,208600,209200,210000,210900,212600,214500,217000,219000,219400,219200,219400,218500,217700,217700,218000,218500,219500,219800,219600,219100,218200,217900,218600,218100,216900,216400,216500,217100,218400,218800,218200,217600,217100,216400,216200,216500,"Vermont"
12,"District of Columbia",48,,,,,,,,,,,,,,,,,123100,122400,122100,122500,123700,125300,126300,127200,127900,128400,128700,129100,129500,129800,130400,131000,131000,131000,131100,131400,131600,131300,131400,132400,133700,134800,136200,137600,139000,140300,141200,141500,142500,144300,146000,146900,147900,148600,149100,149500,150700,152600,154800,156500,158600,161100,163700,167000,171100,174200,176600,178800,180800,182800,184700,187400,190700,194700,199400,204300,208500,212400,216600,221600,227000,231300,236000,240800,244800,247900,250700,253200,256700,261000,265300,269300,273400,277900,282900,288200,293600,299200,305100,311600,318600,326100,333200,339000,344100,349100,353500,357900,362500,367800,373700,378900,382200,384900,388500,392900,396600,399200,400500,401300,401500,401200,400000,398800,398000,397400,397000,396400,396100,396400,397700,399200,399700,398900,397700,397100,397000,396500,395100,392800,390100,387300,384600,382100,380400,379100,377200,374600,371400,368600,366500,364500,362600,360700,359500,358900,357900,355900,354400,353600,352800,351700,351100,351100,351500,352300,352700,352200,351600,352100,353200,354000,354600,355000,355000,354800,354400,353600,352800,352400,352100,352100,351800,351500,351600,352300,353400,355000,357000,359400,361800,364200,366600,368800,371100,373900,376600,379400,382100,384800,387600,390400,393300,397400,403000,409400,415700,422200,429400,436300,442200,447600,452900,457400,461000,463200,463700,463700,464700,466500,467800,468300,468700,469600,470000,471100,474400,478900,482500,485300,486900,487500,487900,489300,491300,493700,496500,498900,500100,499400,498200,"District of Columbia"
62,"Wyoming",49,,,,,,,,,,,,,,,,,,,,,,,,,102700,101500,100500,99500,98500,98300,97600,97200,97700,99100,99800,100200,100900,102100,103300,103700,103400,103300,103800,104400,104000,104000,105100,106700,107400,107800,107800,108300,109600,111600,113300,113900,114100,114200,114100,114600,116000,117800,119400,119800,119100,119500,120600,120900,121200,121800,122300,122800,122600,122300,122200,122400,123500,123800,123800,124700,126200,126400,126700,127300,128200,129100,130800,132300,133200,132200,130600,130800,132000,132400,133000,134700,136600,138600,140400,142900,145600,148500,150900,152500,154000,155900,157600,158700,159600,159700,160500,161800,162900,163800,165600,166900,168100,169300,170000,170500,171100,170500,170000,170400,171100,171500,172700,173700,174200,175400,177400,179200,180700,182700,184500,186100,187300,188400,189500,190300,190900,191400,191400,191100,191100,191300,191200,191500,193100,195600,197600,199400,201500,203600,205700,207800,209700,211800,212400,210900,208800,207600,205800,205000,203600,201300,200000,200400,199200,197100,196100,195300,194000,192300,190500,188800,187900,187600,185900,183600,183400,185500,186900,186900,186300,186600,188200,189600,190400,190700,191000,191900,194400,196400,197100,197000,196500,196100,196400,196400,196100,195800,194800,193700,193300,193300,193000,194900,198100,199400,198400,197300,196700,196400,197800,196800,191700,186400,184700,183900,183800,183800,184300,184700,185100,185500,186000,186600,187700,188600,189400,190400,191200,191700,192100,192400,192500,192600,192700,193300,193800,"Wyoming"
